Reporting Starts,Reporting Ends,Ad Name,Delivery,Results,Result Indicator,Reach,Cost per Results,Amount Spent (USD),Website Conversions,Cost per Website Conversion (USD),Impressions,"CPM (Cost per 1,000 Impressions) (USD)"
9/20/2011,4/25/2017,1. Stroller Dad - Dedicated,active,1,actions:offsite_conversion.fb_pixel_purchase,1580,47.66,47.66,11,4.332727273,3363,14.17187035
9/20/2011,4/25/2017,3. Medal Photo - Celebrate Earth Day,not_delivering,25,actions:offsite_conversion.fb_pixel_purchase,8669,8.6236,215.59,188,1.146755319,22363,9.640477575
9/20/2011,4/25/2017,2. Full Swag - Earth Day Pride,inactive,5,actions:offsite_conversion.fb_pixel_purchase,4407,14.66,73.3,61,1.201639344,6108,12.00065488
9/20/2011,4/25/2017,1. Medal - Mountains,inactive,8,actions:offsite_conversion.fb_pixel_purchase,4330,8.08875,64.71,59,1.096779661,5747,11.25978772
9/20/2011,4/25/2017,3. Medal Photo - Celebrate Earth Day,not_delivering,31,actions:offsite_conversion.fb_pixel_purchase,4097,6.980322581,216.39,236,0.91690678,17975,12.03838665
9/20/2011,4/25/2017,2. Full Swag - Earth Day Pride,inactive,21,actions:offsite_conversion.fb_pixel_purchase,2816,3.425714286,71.94,150,0.4796,4905,14.66666667
9/20/2011,4/25/2017,1. Medal - Mountains,inactive,21,actions:offsite_conversion.fb_pixel_purchase,2539,3.109047619,65.29,141,0.463049645,4014,16.2655705
9/20/2011,4/25/2017,3. Medal Photo - Celebrate Earth Day,not_delivering,14,actions:offsite_conversion.fb_pixel_purchase,8058,15.41428571,215.8,170,1.269411765,16644,12.96563326
9/20/2011,4/25/2017,2. Full Swag - Earth Day Pride,inactive,12,actions:offsite_conversion.fb_pixel_purchase,3783,6.026666667,72.32,69,1.048115942,4877,14.82878819
9/20/2011,4/25/2017,1. Medal - Mountains,inactive,5,actions:offsite_conversion.fb_pixel_purchase,2993,13.016,65.08,36,1.807777778,3601,18.07275757
9/20/2011,4/25/2017,1. Stroller Dad - Dedicated,active,2,actions:offsite_conversion.fb_pixel_purchase,3646,23.69,47.38,11,4.307272727,5999,7.897982997
9/20/2011,4/25/2017,1. Stroller Dad - Dedicated,active,2,actions:offsite_conversion.fb_pixel_purchase,1921,23.685,47.37,29,1.633448276,3049,15.53624139
9/20/2011,4/25/2017,1. Stroller Dad - Dedicated,active,4,actions:offsite_conversion.fb_pixel_purchase,1876,11.9675,47.87,33,1.450606061,2944,16.26019022
9/20/2011,4/25/2017,2. Full Swag - For Her,active,2,actions:offsite_conversion.fb_pixel_purchase,4809,24.235,48.47,32,1.5146875,7833,6.18792289
9/20/2011,4/25/2017,2. Full Swag - Remember,active,3,actions:offsite_conversion.fb_pixel_purchase,2027,16.08333333,48.25,33,1.462121212,3308,14.58585248
9/20/2011,4/25/2017,1. Logo - Flowers,active,55,actions:offsite_conversion.fb_pixel_purchase,5222,6.374,350.57,396,0.885277778,31097,11.27343474
9/20/2011,4/25/2017,7. Alex & Kim 1 + Peace on Earth Day,not_delivering,1,actions:offsite_conversion.fb_pixel_purchase,3110,36.15,36.15,7,5.164285714,3465,10.43290043
9/20/2011,4/25/2017,7. Alex & Kim 1 + Peace on Earth Day,not_delivering,9,actions:offsite_conversion.fb_pixel_purchase,3036,10.17777778,91.6,63,1.453968254,6485,14.12490362
9/20/2011,4/25/2017,7. Alex & Kim 1 + Peace on Earth Day,not_delivering,1,actions:offsite_conversion.fb_pixel_purchase,901,36.57,36.57,15,2.438,1746,20.94501718
9/20/2011,4/25/2017,7. Alex & Kim 1 + Peace on Earth Day,not_delivering,10,actions:offsite_conversion.fb_pixel_purchase,2587,9.176,91.76,75,1.223466667,6355,14.43902439
9/20/2011,4/25/2017,6. Full Swag + Planeteers,not_delivering,,,900,,37.45,6,6.241666667,2225,16.83146067
9/20/2011,4/25/2017,6. Full Swag + Planeteers,not_delivering,6,actions:offsite_conversion.fb_pixel_purchase,1902,6.425,38.55,37,1.041891892,2825,13.6460177
9/20/2011,4/25/2017,6. Full Swag + Planeteers,not_delivering,2,actions:offsite_conversion.fb_pixel_purchase,2001,21.9,43.8,10,4.38,2698,16.23424759
9/20/2011,4/25/2017,7. Alex & Kim 1 + Peace on Earth Day,not_delivering,,,1926,,37.11,1,37.11,2823,13.1455898
9/20/2011,4/25/2017,6. Full Swag + Planeteers,not_delivering,,,3620,,43,14,3.071428571,4466,9.628302732
9/20/2011,4/25/2017,6. Full Swag + Planeteers,not_delivering,1,actions:offsite_conversion.fb_pixel_purchase,5118,43.64,43.64,9,4.848888889,6730,6.484398217
9/20/2011,4/25/2017,6. Full Swag + Planeteers,not_delivering,2,actions:offsite_conversion.fb_pixel_purchase,7646,49.045,98.09,32,3.0653125,10452,9.384806736
9/20/2011,4/25/2017,6. Full Swag + Planeteers,not_delivering,3,actions:offsite_conversion.fb_pixel_purchase,933,14.42333333,43.27,32,1.3521875,2322,18.63479759
9/20/2011,4/25/2017,7. Alex & Kim 1 + Peace on Earth Day,not_delivering,,,1308,,36.48,3,12.16,2050,17.79512195
9/20/2011,4/25/2017,6. Full Swag + Planeteers,not_delivering,,,3525,,42.96,7,6.137142857,4784,8.97993311
9/20/2011,4/25/2017,6. Full Swag + Planeteers,not_delivering,3,actions:offsite_conversion.fb_pixel_purchase,2383,14.60666667,43.82,20,2.191,3340,13.11976048
9/20/2011,4/25/2017,6. Full Swag + Planeteers,not_delivering,7,actions:offsite_conversion.fb_pixel_purchase,3860,14.01857143,98.13,83,1.182289157,7906,12.41209208
9/20/2011,4/25/2017,6. Full Swag + Planeteers,not_delivering,5,actions:offsite_conversion.fb_pixel_purchase,961,8.598,42.99,21,2.047142857,2599,16.5409773
9/20/2011,4/25/2017,1. Logo - Flowers,not_delivering,,,2061,,38.83,7,5.547142857,3540,10.96892655
9/20/2011,4/25/2017,1. Logo - Flowers,inactive,,,577,,9.34,,,677,13.79615953
9/20/2011,4/25/2017,1. Logo - Flowers,not_delivering,1,actions:offsite_conversion.fb_pixel_purchase,1821,22.68,22.68,4,5.67,1907,11.89302569
9/20/2011,4/25/2017,1. Logo - Flowers,not_delivering,,,1593,,22.74,2,11.37,1807,12.58439402
9/20/2011,4/25/2017,1. Logo - Flowers,not_delivering,,,2962,,22.67,6,3.778333333,3215,7.051321928
9/20/2011,4/25/2017,1. Logo - Flowers,not_delivering,2,actions:offsite_conversion.fb_pixel_purchase,3590,19.495,38.99,15,2.599333333,4627,8.426626324
9/20/2011,4/25/2017,1. Logo - Flowers,not_delivering,1,actions:offsite_conversion.fb_pixel_purchase,5606,38.9,38.9,22,1.768181818,6575,5.91634981
9/20/2011,4/25/2017,4. Full Swag 2 - Celebrate Earth Day,not_delivering,1,actions:offsite_conversion.fb_pixel_purchase,1067,15.33,15.33,6,2.555,1204,12.73255814
9/20/2011,4/25/2017,7. Alex & Kim 1 + Peace on Earth Day,not_delivering,,,1327,,22.27,4,5.5675,1355,16.43542435
9/20/2011,4/25/2017,4. Full Swag 2 - Celebrate Earth Day,not_delivering,1,actions:offsite_conversion.fb_pixel_purchase,1177,15.42,15.42,11,1.401818182,1333,11.56789197
9/20/2011,4/25/2017,4. Full Swag 2 - Celebrate Earth Day,not_delivering,2,actions:offsite_conversion.fb_pixel_purchase,1439,7.675,15.35,18,0.852777778,1617,9.492888064
9/20/2011,4/25/2017,4. Full Swag 2 - Celebrate Earth Day,not_delivering,2,actions:offsite_conversion.fb_pixel_purchase,809,4.585,9.17,11,0.833636364,875,10.48
9/20/2011,4/25/2017,4. Full Swag 2 - Celebrate Earth Day,not_delivering,3,actions:offsite_conversion.fb_pixel_purchase,736,3.07,9.21,18,0.511666667,810,11.37037037
9/20/2011,4/25/2017,5. Medal 2 - Sky,not_delivering,6,actions:offsite_conversion.fb_pixel_purchase,2712,13.18833333,79.13,77,1.027662338,7199,10.99180442
9/20/2011,4/25/2017,5. Medal 2 - Sky,not_delivering,14,actions:offsite_conversion.fb_pixel_purchase,3310,5.668571429,79.36,120,0.661333333,8273,9.592650792
9/20/2011,4/25/2017,5. Medal 2 - Sky,inactive,,,571,,9.64,,,655,14.71755725
9/20/2011,4/25/2017,5. Medal 2 - Sky,not_delivering,1,actions:offsite_conversion.fb_pixel_purchase,2148,39.16,39.16,13,3.012307692,3005,13.03161398
9/20/2011,4/25/2017,5. Medal 2 - Sky,not_delivering,,,1566,,26.18,2,13.09,1842,14.21281216
9/20/2011,4/25/2017,5. Medal 2 - Sky,not_delivering,1,actions:offsite_conversion.fb_pixel_purchase,4238,39.16,39.16,25,1.5664,6665,5.875468867
9/20/2011,4/25/2017,5. Medal 2 - Sky,not_delivering,3,actions:offsite_conversion.fb_pixel_purchase,1214,13.05333333,39.16,16,2.4475,2756,14.20899855
9/20/2011,4/25/2017,3. Medal Photo - Celebrate Earth Day,not_delivering,7,actions:offsite_conversion.fb_pixel_purchase,3210,19.01857143,133.13,54,2.46537037,9982,13.33700661
9/20/2011,4/25/2017,2. Full Swag - Earth Day Pride,inactive,,,625,,11.15,6,1.858333333,679,16.42120766
9/20/2011,4/25/2017,1. Medal - Mountains,inactive,7,actions:offsite_conversion.fb_pixel_purchase,1548,9.335714286,65.35,80,0.816875,4485,14.57079153
9/20/2011,4/25/2017,4. Full Swag 2 - Celebrate Earth Day,not_delivering,2,actions:offsite_conversion.fb_pixel_purchase,988,4.555,9.11,13,0.700769231,1095,8.319634703
9/20/2011,4/25/2017,4. Full Swag 2 - Celebrate Earth Day,not_delivering,,,627,,15.33,2,7.665,769,19.93498049
9/20/2011,4/25/2017,4. Full Swag 2 - Celebrate Earth Day,not_delivering,2,actions:offsite_conversion.fb_pixel_purchase,1327,7.7,15.4,11,1.4,1498,10.28037383
9/20/2011,4/25/2017,4. Full Swag 2 - Celebrate Earth Day,not_delivering,1,actions:offsite_conversion.fb_pixel_purchase,990,29.42,29.42,4,7.355,1248,23.57371795
9/20/2011,4/25/2017,4. Full Swag 2 - Celebrate Earth Day,not_delivering,,,1763,,29.71,17,1.747647059,2185,13.597254
9/20/2011,4/25/2017,4. Full Swag 2 - Celebrate Earth Day,not_delivering,3,actions:offsite_conversion.fb_pixel_purchase,861,9.85,29.55,31,0.953225806,1324,22.31873112
9/20/2011,4/25/2017,4. Full Swag 2 - Celebrate Earth Day,not_delivering,,,1078,,30.34,4,7.585,1567,19.36183791
9/20/2011,4/25/2017,3. Medal Photo - Celebrate Earth Day,not_delivering,12,actions:offsite_conversion.fb_pixel_purchase,5262,14.44,173.28,67,2.586268657,13832,12.52747253
9/20/2011,4/25/2017,1. Medal - Mountains,inactive,9,actions:offsite_conversion.fb_pixel_purchase,4258,13.80444444,124.24,44,2.823636364,8934,13.90642489
9/20/2011,4/25/2017,3. Medal Photo - Celebrate Earth Day,not_delivering,10,actions:offsite_conversion.fb_pixel_purchase,5803,17.372,173.72,60,2.895333333,14982,11.59524763
9/20/2011,4/25/2017,2. Full Swag - Earth Day Pride,inactive,1,actions:offsite_conversion.fb_pixel_purchase,2219,48.05,48.05,20,2.4025,3069,15.65656566
9/20/2011,4/25/2017,1. Medal - Mountains,inactive,13,actions:offsite_conversion.fb_pixel_purchase,4090,10.11846154,131.54,67,1.963283582,8303,15.84246658
9/20/2011,4/25/2017,2. Full Swag - Earth Day Pride,inactive,,,1077,,9.97,,,1091,9.138405133
9/20/2011,4/25/2017,2. Full Swag - Earth Day Pride,inactive,,,817,,11.11,1,11.11,824,13.48300971
9/20/2011,4/25/2017,3. Medal Photo - Celebrate Earth Day,not_delivering,5,actions:offsite_conversion.fb_pixel_purchase,10521,20.16,100.8,48,2.1,12614,7.991120977
9/20/2011,4/25/2017,3. Medal Photo - Celebrate Earth Day,not_delivering,4,actions:offsite_conversion.fb_pixel_purchase,11694,24.78,99.12,37,2.678918919,15205,6.518908254
9/20/2011,4/25/2017,2. Full Swag - Earth Day Pride,inactive,1,actions:offsite_conversion.fb_pixel_purchase,844,10,10,4,2.5,849,11.77856302
9/20/2011,4/25/2017,2. Full Swag - Earth Day Pride,inactive,3,actions:offsite_conversion.fb_pixel_purchase,6275,24.19666667,72.59,31,2.341612903,7231,10.03872217
9/20/2011,4/25/2017,1. Medal - Mountains,inactive,6,actions:offsite_conversion.fb_pixel_purchase,5278,11.08833333,66.53,27,2.464074074,5500,12.09636364
9/20/2011,4/25/2017,1. Medal - Mountains,inactive,2,actions:offsite_conversion.fb_pixel_purchase,3994,33.22,66.44,9,7.382222222,4284,15.50887021
9/20/2011,4/25/2017,2. Full Swag - Earth Day Pride,inactive,1,actions:offsite_conversion.fb_pixel_purchase,3869,185.84,185.84,30,6.194666667,9733,19.09380458
9/20/2011,4/25/2017,1. Medal - Mountains,inactive,3,actions:offsite_conversion.fb_pixel_purchase,4302,22.17,66.51,20,3.3255,4560,14.58552632
9/20/2011,4/25/2017,2. Full Swag - Earth Day Pride,inactive,1,actions:offsite_conversion.fb_pixel_purchase,4546,189.05,189.05,17,11.12058824,10905,17.33608436
9/20/2011,4/25/2017,1. Medal - Mountains,inactive,2,actions:offsite_conversion.fb_pixel_purchase,3691,32.695,65.39,28,2.335357143,3821,17.11332112
9/20/2011,4/25/2017,1. Medal - Mountains,inactive,,,505,,13.46,,,655,20.54961832
9/20/2011,4/25/2017,1. Medal - Mountains,inactive,,,839,,14.46,2,7.23,842,17.17339667
9/20/2011,4/25/2017,6. Full Swag - Pi Day Pride,not_delivering,2,actions:offsite_conversion.fb_pixel_purchase,1326,10.34,20.68,10,2.068,1346,15.3640416
9/20/2011,4/25/2017,6. Full Swag - Pi Day Pride,not_delivering,2,actions:offsite_conversion.fb_pixel_purchase,2966,15.225,30.45,18,1.691666667,3027,10.05946482
9/20/2011,4/25/2017,5. Medal - Bakery,inactive,18,actions:offsite_conversion.fb_pixel_purchase,28006,24.38777778,438.98,153,2.869150327,33824,12.97835856
9/20/2011,4/25/2017,1. Medal - Pi in the Sky,inactive,33,actions:offsite_conversion.fb_pixel_purchase,30668,7.297878788,240.83,307,0.784462541,34128,7.056669011
9/20/2011,4/25/2017,6. Full Swag - Pi Day Pride,not_delivering,2,actions:offsite_conversion.fb_pixel_purchase,1931,14.765,29.53,29,1.018275862,2054,14.37682571
9/20/2011,4/25/2017,5. Medal - Bakery,inactive,51,actions:offsite_conversion.fb_pixel_purchase,10475,9.617647059,490.5,355,1.381690141,33772,14.52386592
9/20/2011,4/25/2017,1. Medal - Pi in the Sky,inactive,33,actions:offsite_conversion.fb_pixel_purchase,6555,3.173939394,104.74,213,0.491737089,9303,11.25873374
9/20/2011,4/25/2017,6. Full Swag - Pi Day Pride,not_delivering,2,actions:offsite_conversion.fb_pixel_purchase,1896,15.19,30.38,13,2.336923077,1919,15.83116206
9/20/2011,4/25/2017,5. Medal - Bakery,inactive,22,actions:offsite_conversion.fb_pixel_purchase,29370,22.12772727,486.81,184,2.645706522,32252,15.09394766
9/20/2011,4/25/2017,6. Full Swag - Pi Day Pride,not_delivering,,,526,,5.2,1,5.2,534,9.737827715
9/20/2011,4/25/2017,6. Full Swag - Pi Day Pride,not_delivering,1,actions:offsite_conversion.fb_pixel_purchase,2615,27.52,27.52,10,2.752,2676,10.28400598
9/20/2011,4/25/2017,5. Medal - Bakery,inactive,11,actions:offsite_conversion.fb_pixel_purchase,12477,16.00090909,176.01,75,2.3468,15123,11.63856378
9/20/2011,4/25/2017,6. Full Swag - Pi Day Pride,not_delivering,6,actions:offsite_conversion.fb_pixel_purchase,2206,4.913333333,29.48,36,0.818888889,2356,12.51273345
9/20/2011,4/25/2017,5. Medal - Bakery,inactive,40,actions:offsite_conversion.fb_pixel_purchase,10966,12.3565,494.26,284,1.740352113,31925,15.48191073
9/20/2011,4/25/2017,1. Medal - Pi in the Sky,inactive,12,actions:offsite_conversion.fb_pixel_purchase,6210,7.03,84.36,83,1.016385542,8008,10.53446553
9/20/2011,4/25/2017,5. Medal - Bakery,inactive,17,actions:offsite_conversion.fb_pixel_purchase,6092,14.60882353,248.35,99,2.508585859,15931,15.58910301
9/20/2011,4/25/2017,5. Medal - Bakery,inactive,1,actions:offsite_conversion.fb_pixel_purchase,2910,41.98,41.98,17,2.469411765,3056,13.73691099
9/20/2011,4/25/2017,5. Medal - Bakery,inactive,24,actions:offsite_conversion.fb_pixel_purchase,1131,5.15,123.6,103,1.2,6792,18.19787986
9/20/2011,4/25/2017,5. Medal - Bakery,inactive,4,actions:offsite_conversion.fb_pixel_purchase,1200,15.91,63.64,26,2.447692308,3027,21.02411629
9/20/2011,4/25/2017,5. Medal - Bakery,inactive,9,actions:offsite_conversion.fb_pixel_purchase,685,11.04444444,99.4,48,2.070833333,4502,22.07907597
9/20/2011,4/25/2017,5. Medal - Bakery,inactive,13,actions:offsite_conversion.fb_pixel_purchase,15956,21.00384615,273.05,108,2.528240741,17812,15.32955311
9/20/2011,4/25/2017,5. Medal - Bakery,inactive,2,actions:offsite_conversion.fb_pixel_purchase,3585,21.46,42.92,17,2.524705882,3849,11.1509483
9/20/2011,4/25/2017,5. Medal - Bakery,inactive,9,actions:offsite_conversion.fb_pixel_purchase,8947,15.27888889,137.51,58,2.370862069,9339,14.72427455
9/20/2011,4/25/2017,5. Medal - Bakery,inactive,6,actions:offsite_conversion.fb_pixel_purchase,10250,23.57666667,141.46,41,3.450243902,10659,13.27141383
9/20/2011,4/25/2017,1. Medal - Pi in the Sky,inactive,48,actions:offsite_conversion.fb_pixel_purchase,1509,2.718541667,130.49,267,0.488726592,8532,15.29418659
9/20/2011,4/25/2017,1. Medal - Pi in the Sky,inactive,34,actions:offsite_conversion.fb_pixel_purchase,1876,4.472941176,152.08,240,0.633666667,9435,16.11870694
9/20/2011,4/25/2017,1. Medal - Pi in the Sky,inactive,22,actions:offsite_conversion.fb_pixel_purchase,881,3.411818182,75.06,151,0.497086093,3557,21.10205229
9/20/2011,4/25/2017,1. Medal - Pi in the Sky,inactive,47,actions:offsite_conversion.fb_pixel_purchase,35825,7.160212766,336.53,405,0.830938272,39397,8.542020966
9/20/2011,4/25/2017,3. Medal - Beach,inactive,1,actions:offsite_conversion.fb_pixel_purchase,653,6.06,6.06,7,0.865714286,708,8.559322034
9/20/2011,4/25/2017,5. Medal - Clouds 2,inactive,,,522,,5.25,1,5.25,532,9.868421053
9/20/2011,4/25/2017,2. Full Swag - Love in the Air 2,inactive,5,actions:offsite_conversion.fb_pixel_purchase,5036,16.878,84.39,40,2.10975,6769,12.46712956
9/20/2011,4/25/2017,1. Full Swag - Love in the Air,inactive,12,actions:offsite_conversion.fb_pixel_purchase,9178,13.3425,160.11,147,1.089183673,16198,9.884553649
9/20/2011,4/25/2017,4. Medal - Clouds,inactive,14,actions:offsite_conversion.fb_pixel_purchase,7410,8.554285714,119.76,87,1.376551724,11758,10.18540568
9/20/2011,4/25/2017,3. Medal - Beach,inactive,,,63,,0.91,,,63,14.44444444
9/20/2011,4/25/2017,5. Medal - Clouds 2,inactive,9,actions:offsite_conversion.fb_pixel_purchase,3469,7.554444444,67.99,74,0.918783784,5142,13.22248152
9/20/2011,4/25/2017,2. Full Swag - Love in the Air 2,inactive,11,actions:offsite_conversion.fb_pixel_purchase,3452,5.490909091,60.4,67,0.901492537,4397,13.73663862
9/20/2011,4/25/2017,1. Full Swag - Love in the Air,inactive,30,actions:offsite_conversion.fb_pixel_purchase,5526,5.332666667,159.98,226,0.707876106,10084,15.86473622
9/20/2011,4/25/2017,4. Medal - Clouds,inactive,15,actions:offsite_conversion.fb_pixel_purchase,5381,7.997333333,119.96,90,1.332888889,8988,13.34668447
9/20/2011,4/25/2017,3. Medal - Beach,inactive,,,138,,0.95,,,142,6.690140845
9/20/2011,4/25/2017,5. Medal - Clouds 2,inactive,,,938,,9.89,4,2.4725,979,10.10214505
9/20/2011,4/25/2017,5. Medal - Clouds 2,inactive,,,324,,6.67,4,1.6675,354,18.84180791
9/20/2011,4/25/2017,3. Medal - Beach,inactive,2,actions:offsite_conversion.fb_pixel_purchase,582,7.3,14.6,23,0.634782609,712,20.50561798
9/20/2011,4/25/2017,3. Medal - Beach,inactive,,,233,,1.82,,,237,7.679324895
9/20/2011,4/25/2017,3. Medal - Beach,inactive,,,663,,5.57,4,1.3925,678,8.215339233
9/20/2011,4/25/2017,5. Medal - Clouds 2,inactive,1,actions:offsite_conversion.fb_pixel_purchase,612,4.19,4.19,5,0.838,618,6.779935275
9/20/2011,4/25/2017,5. Medal - Clouds 2,inactive,,,516,,3.5,,,535,6.542056075
9/20/2011,4/25/2017,2. Full Swag - Love in the Air 2,inactive,,,2706,,34.95,1,34.95,2796,12.5
9/20/2011,4/25/2017,2. Full Swag - Love in the Air 2,inactive,2,actions:offsite_conversion.fb_pixel_purchase,3429,28.1,56.2,16,3.5125,3564,15.7687991
9/20/2011,4/25/2017,2. Full Swag - Love in the Air 2,inactive,,,2969,,38.44,9,4.271111111,3153,12.19156359
9/20/2011,4/25/2017,2. Full Swag - Love in the Air 2,inactive,1,actions:offsite_conversion.fb_pixel_purchase,1002,17.72,17.72,8,2.215,1120,15.82142857
9/20/2011,4/25/2017,2. Full Swag - Love in the Air 2,inactive,15,actions:offsite_conversion.fb_pixel_purchase,1365,2.636666667,39.55,86,0.459883721,2397,16.49979141
9/20/2011,4/25/2017,2. Full Swag - Love in the Air 2,inactive,3,actions:offsite_conversion.fb_pixel_purchase,6318,28.06666667,84.2,32,2.63125,7147,11.78116692
9/20/2011,4/25/2017,2. Full Swag - Love in the Air 2,inactive,12,actions:offsite_conversion.fb_pixel_purchase,965,3.3525,40.23,62,0.648870968,1866,21.55948553
9/20/2011,4/25/2017,2. Full Swag - Love in the Air 2,inactive,,,901,,17.58,2,8.79,1005,17.49253731
9/20/2011,4/25/2017,2. Full Swag - Love in the Air 2,inactive,3,actions:offsite_conversion.fb_pixel_purchase,7584,28.09333333,84.28,29,2.906206897,8439,9.98696528
9/20/2011,4/25/2017,2. Full Swag - Love in the Air 2,inactive,,,953,,17.63,1,17.63,1064,16.56954887
9/20/2011,4/25/2017,2. Full Swag - Love in the Air 2,inactive,1,actions:offsite_conversion.fb_pixel_purchase,2591,40.55,40.55,6,6.758333333,3082,13.15704088
9/20/2011,4/25/2017,2. Full Swag - Love in the Air 2,inactive,14,actions:offsite_conversion.fb_pixel_purchase,1496,6.020714286,84.29,75,1.123866667,4287,19.66176814
9/20/2011,4/25/2017,2. Full Swag - Love in the Air 2,inactive,5,actions:offsite_conversion.fb_pixel_purchase,6442,20,100,39,2.564102564,6834,14.63271876
9/20/2011,4/25/2017,1. Full Swag - Love in the Air,inactive,1,actions:offsite_conversion.fb_pixel_purchase,937,10.2,10.2,5,2.04,967,10.54808687
9/20/2011,4/25/2017,1. Full Swag - Love in the Air,inactive,7,actions:offsite_conversion.fb_pixel_purchase,15600,23.02857143,161.2,62,2.6,19066,8.454841078
9/20/2011,4/25/2017,1. Full Swag - Love in the Air,inactive,31,actions:offsite_conversion.fb_pixel_purchase,1752,5.110645161,158.43,213,0.743802817,7453,21.25721186
9/20/2011,4/25/2017,1. Full Swag - Love in the Air,inactive,3,actions:offsite_conversion.fb_pixel_purchase,2983,12.14,36.42,19,1.916842105,3123,11.66186359
9/20/2011,4/25/2017,1. Full Swag - Love in the Air,inactive,4,actions:offsite_conversion.fb_pixel_purchase,2159,9.325,37.3,21,1.776190476,2367,15.7583439
9/20/2011,4/25/2017,1. Full Swag - Love in the Air,inactive,10,actions:offsite_conversion.fb_pixel_purchase,13188,16.099,160.99,70,2.299857143,18017,8.935449853
9/20/2011,4/25/2017,1. Full Swag - Love in the Air,inactive,4,actions:offsite_conversion.fb_pixel_purchase,3892,20.695,82.78,21,3.941904762,5885,14.06627018
9/20/2011,4/25/2017,1. Full Swag - Love in the Air,inactive,29,actions:offsite_conversion.fb_pixel_purchase,1475,4.576206897,132.71,182,0.729175824,6286,21.11199491
9/20/2011,4/25/2017,1. Full Swag - Love in the Air,inactive,3,actions:offsite_conversion.fb_pixel_purchase,7660,28.38333333,85.15,26,3.275,8281,10.28257457
9/20/2011,4/25/2017,1. Full Swag - Love in the Air,inactive,18,actions:offsite_conversion.fb_pixel_purchase,2182,5.128888889,92.32,101,0.914059406,5873,15.71939384
9/20/2011,4/25/2017,1. Full Swag - Love in the Air,inactive,,,2313,,36.44,3,12.14666667,2611,13.95633857
9/20/2011,4/25/2017,4. Medal - Clouds,inactive,3,actions:offsite_conversion.fb_pixel_purchase,11840,36.44666667,109.34,47,2.326382979,13535,8.078315478
9/20/2011,4/25/2017,4. Medal - Clouds,inactive,17,actions:offsite_conversion.fb_pixel_purchase,1579,6.436470588,109.42,115,0.951478261,3920,27.91326531
9/20/2011,4/25/2017,4. Medal - Clouds,inactive,4,actions:offsite_conversion.fb_pixel_purchase,6873,29.855,119.42,15,7.961333333,9844,12.13124746
9/20/2011,4/25/2017,4. Medal - Clouds,inactive,3,actions:offsite_conversion.fb_pixel_purchase,4779,39.87333333,119.62,26,4.600769231,8566,13.96451086
9/20/2011,4/25/2017,4. Medal - Clouds,inactive,17,actions:offsite_conversion.fb_pixel_purchase,1391,7.025294118,119.43,131,0.911679389,4621,25.84505518
9/20/2011,4/25/2017,4. Medal - Clouds,inactive,4,actions:offsite_conversion.fb_pixel_purchase,4213,29.94,119.76,21,5.702857143,7638,15.67949725
9/20/2011,4/25/2017,4. Medal - Clouds,inactive,8,actions:offsite_conversion.fb_pixel_purchase,9868,14.97,119.76,52,2.303076923,11608,10.31702274
9/20/2011,4/25/2017,4. Medal - Clouds,inactive,5,actions:offsite_conversion.fb_pixel_purchase,12922,23.98,119.9,73,1.642465753,16085,7.454149829
9/20/2011,4/25/2017,4. Medal - Clouds,inactive,5,actions:offsite_conversion.fb_pixel_purchase,4693,24.016,120.08,43,2.79255814,8453,14.20560748
9/20/2011,4/25/2017,4. Medal - Clouds,inactive,8,actions:offsite_conversion.fb_pixel_purchase,1726,5.67,45.36,50,0.9072,2725,16.64587156
9/20/2011,4/25/2017,"Post: ""Can you smell what FitFam is cookin'? The Pi Day...""",inactive,67,actions:post_engagement,694,0.373134328,25,79,0.316455696,1294,19.31993818
9/20/2011,4/25/2017,Full Swag - Last Chance,inactive,,,406,,9.04,,,417,21.67865707
9/20/2011,4/25/2017,Full Swag - Last Chance,inactive,2,actions:offsite_conversion.fb_pixel_purchase,4824,27.83,55.66,13,4.281538462,5335,10.43298969
9/20/2011,4/25/2017,Full Swag - Last Chance,inactive,,,1171,,54.82,10,5.482,1872,29.28418803
9/20/2011,4/25/2017,Full Swag - Last Chance,inactive,,,1595,,21.02,1,21.02,1608,13.0721393
9/20/2011,4/25/2017,Full Swag - Last Chance,inactive,,,1050,,21.85,,,1081,20.21276596
9/20/2011,4/25/2017,Full Swag - Last Chance,inactive,3,actions:offsite_conversion.fb_pixel_purchase,3690,18.42666667,55.28,28,1.974285714,3980,13.88944724
9/20/2011,4/25/2017,Full Swag - Last Chance,inactive,,,562,,10.82,,,564,19.18439716
9/20/2011,4/25/2017,Full Swag - Last Chance,inactive,1,actions:offsite_conversion.fb_pixel_purchase,1315,19.25,19.25,5,3.85,1329,14.48457487
9/20/2011,4/25/2017,Full Swag - Last Chance,inactive,1,actions:offsite_conversion.fb_pixel_purchase,514,18.25,18.25,8,2.28125,543,33.60957643
9/20/2011,4/25/2017,Full Swag - Last Chance,inactive,,,968,,16.52,2,8.26,970,17.03092784
9/20/2011,4/25/2017,Full Swag - Last Chance,inactive,,,456,,8.77,,,460,19.06521739
9/20/2011,4/25/2017,Full Swag - Last Chance,inactive,,,1216,,21.72,2,10.86,1285,16.90272374
9/20/2011,4/25/2017,Full Swag - Resolution,inactive,3,actions:offsite_conversion.fb_pixel_purchase,4880,39.91333333,119.74,25,4.7896,8854,13.52383104
9/20/2011,4/25/2017,Full Swag - Resolution,inactive,9,actions:offsite_conversion.fb_pixel_purchase,4449,14.88888889,134,54,2.481481481,8208,16.32553606
9/20/2011,4/25/2017,Full Swag - Start 2017,inactive,14,actions:offsite_conversion.fb_pixel_purchase,4514,10.04428571,140.62,154,0.913116883,10451,13.45517175
9/20/2011,4/25/2017,Full Swag - Resolution,inactive,1,actions:offsite_conversion.fb_pixel_purchase,10203,109.15,109.15,23,4.745652174,12102,9.019170385
9/20/2011,4/25/2017,Full Swag - Resolution,inactive,1,actions:offsite_conversion.fb_pixel_purchase,8544,134.29,134.29,16,8.393125,9742,13.78464381
9/20/2011,4/25/2017,Full Swag - Resolution,inactive,16,actions:offsite_conversion.fb_pixel_purchase,1431,8.365625,133.85,101,1.325247525,5629,23.7786463
9/20/2011,4/25/2017,Full Swag - Resolution,inactive,7,actions:offsite_conversion.fb_pixel_purchase,9340,19.15857143,134.11,36,3.725277778,10744,12.48231571
9/20/2011,4/25/2017,Full Swag - Start 2017,inactive,15,actions:offsite_conversion.fb_pixel_purchase,22164,14.79133333,221.87,129,1.719922481,33199,6.683032621
9/20/2011,4/25/2017,Full Swag - Start 2017,inactive,78,actions:offsite_conversion.fb_pixel_purchase,1561,3.917435897,305.56,459,0.665708061,16828,18.15783218
9/20/2011,4/25/2017,Full Swag - Start 2017,inactive,20,actions:offsite_conversion.fb_pixel_purchase,19988,11.0915,221.83,162,1.369320988,27953,7.935820842
9/20/2011,4/25/2017,Full Swag - Resolution,inactive,4,actions:offsite_conversion.fb_pixel_purchase,7083,33.5025,134.01,53,2.528490566,10026,13.36624776
9/20/2011,4/25/2017,Full Swag - Start 2017,inactive,31,actions:offsite_conversion.fb_pixel_purchase,10912,7.152258065,221.72,229,0.968209607,20818,10.65039869
9/20/2011,4/25/2017,Full Swag - Resolution,inactive,2,actions:offsite_conversion.fb_pixel_purchase,8270,59.76,119.52,8,14.94,11586,10.3158985
9/20/2011,4/25/2017,Full Swag - Resolution,inactive,4,actions:offsite_conversion.fb_pixel_purchase,4598,33.5325,134.13,20,6.7065,8058,16.64556962
9/20/2011,4/25/2017,Full Swag - Start 2017,inactive,7,actions:offsite_conversion.fb_pixel_purchase,5006,27.84142857,194.89,61,3.194918033,12871,15.14179162
9/20/2011,4/25/2017,Full Swag - Resolution,inactive,10,actions:offsite_conversion.fb_pixel_purchase,1419,10.9,109,52,2.096153846,3972,27.44209466
9/20/2011,4/25/2017,Full Swag - Resolution,inactive,2,actions:offsite_conversion.fb_pixel_purchase,4459,66.87,133.74,40,3.3435,8506,15.72301905
9/20/2011,4/25/2017,Full Swag - Start 2017,inactive,31,actions:offsite_conversion.fb_pixel_purchase,12044,7.162580645,222.04,302,0.735231788,22412,9.907192575
9/20/2011,4/25/2017,Medal Swag - Holiday Cheer,inactive,3,actions:offsite_conversion.fb_pixel_purchase,1380,9.97,29.91,18,1.661666667,1538,19.4473342
9/20/2011,4/25/2017,Medal Swag - Holiday Cheer,inactive,46,actions:offsite_conversion.fb_pixel_purchase,25128,6.887608696,316.83,330,0.960090909,30344,10.4412734
9/20/2011,4/25/2017,Medal Swag - Holiday Cheer,inactive,28,actions:offsite_conversion.fb_pixel_purchase,21068,7.774285714,217.68,216,1.007777778,25233,8.62679824
9/20/2011,4/25/2017,Medal Swag - Holiday Cheer,inactive,46,actions:offsite_conversion.fb_pixel_purchase,21443,6.237391304,286.92,343,0.836501458,27392,10.47459112
9/20/2011,4/25/2017,Medal Swag - Holiday Cheer,inactive,38,actions:offsite_conversion.fb_pixel_purchase,30096,7.579736842,288.03,277,1.039819495,41225,6.986779867
9/20/2011,4/25/2017,Medal Swag - Holiday Cheer,inactive,67,actions:offsite_conversion.fb_pixel_purchase,19788,5.557313433,372.34,539,0.690797774,32074,11.6087797
9/20/2011,4/25/2017,Full Swag - Black Friday 2,inactive,2,actions:offsite_conversion.fb_pixel_purchase,363,5.455,10.91,11,0.991818182,366,29.80874317
9/20/2011,4/25/2017,Full Swag - Black Friday 2,inactive,1,actions:offsite_conversion.fb_pixel_purchase,375,10.5,10.5,6,1.75,381,27.55905512
9/20/2011,4/25/2017,Full Swag - Black Friday 2,inactive,,,1307,,26.83,14,1.916428571,1316,20.38753799
9/20/2011,4/25/2017,Full Swag - Black Friday 2,inactive,2,actions:offsite_conversion.fb_pixel_purchase,2872,40.32,80.64,30,2.688,2898,27.82608696
9/20/2011,4/25/2017,Full Swag - Black Friday 2,inactive,,,1098,,18.72,20,0.936,1107,16.91056911
9/20/2011,4/25/2017,Full Swag - Black Friday 2,inactive,2,actions:offsite_conversion.fb_pixel_purchase,1299,13.485,26.97,21,1.284285714,1311,20.57208238
9/20/2011,4/25/2017,Full Swag - Black Friday 2,inactive,4,actions:offsite_conversion.fb_pixel_purchase,803,3.66,14.64,22,0.665454545,808,18.11881188
9/20/2011,4/25/2017,Full Swag - Black Friday 2,inactive,,,486,,10.38,9,1.153333333,491,21.14052953
9/20/2011,4/25/2017,Full Swag - Holiday Cheer,inactive,3,actions:offsite_conversion.fb_pixel_purchase,3479,22.10333333,66.31,41,1.617317073,4711,14.07556782
9/20/2011,4/25/2017,"Post: ""Our next event, the CoffeeTime Run is set to...""",inactive,206,actions:post_engagement,1804,0.056699029,11.68,47,0.248510638,1824,6.403508772
9/20/2011,4/25/2017,"Post: ""Behold... Our next medal, shipping by mail to...""",inactive,119,actions:post_engagement,1832,0.21,24.99,7,3.57,2003,12.47628557
9/20/2011,4/25/2017,Sawg - Last Chance,inactive,3,actions:offsite_conversion.fb_pixel_purchase,2509,18.27333333,54.82,3,18.27333333,2866,19.12770412
9/20/2011,4/25/2017,Medal - Last Chance - Image 1,inactive,1,actions:offsite_conversion.fb_pixel_purchase,2989,62.67,62.67,1,62.67,3262,19.21213979
9/20/2011,4/25/2017,Swag - Last Chance - Image 2,inactive,,,266,,10.35,,,294,35.20408163
9/20/2011,4/25/2017,Swag - Last Chance,inactive,,,485,,22.46,,,573,39.19720768
9/20/2011,4/25/2017,Swag - Last Chance,inactive,2,actions:offsite_conversion.fb_pixel_purchase,6382,35.375,70.75,2,35.375,7007,10.09704581
9/20/2011,4/25/2017,Swag - Last Chance,inactive,4,actions:offsite_conversion.fb_pixel_purchase,2134,18.8,75.2,4,18.8,3235,23.24574961
9/20/2011,4/25/2017,Swag - Last Chance 2,inactive,,,497,,14.57,,,550,26.49090909
9/20/2011,4/25/2017,Swag - Last Chance,inactive,,,747,,25.65,,,858,29.8951049
9/20/2011,4/25/2017,Swag - Last Chance,inactive,9,actions:offsite_conversion.fb_pixel_purchase,9294,9.904444444,89.14,9,9.904444444,10427,8.548959432
9/20/2011,4/25/2017,"Post: ""In honor of National Coffee Day, check out this...""",inactive,1353,actions:video_view,3725,0.018477458,25,,,3803,6.57375756
9/20/2011,4/25/2017,Post: /fitfamhq/posts/1056871417701244 to fans and their friends,inactive,11,actions:link_click,2699,1.818181818,20,,,2749,7.275372863
9/20/2011,4/25/2017,Emoji Run - charity + swag 2,inactive,2,actions:offsite_conversion.fb_pixel_purchase,4083,37.695,75.39,2,37.695,5821,12.95138292
9/20/2011,4/25/2017,Emoji Run - charity + swag,inactive,,,1269,,21.91,,,1987,11.02667338
9/20/2011,4/25/2017,Post: /gametiime/posts/945089112212809 to fans and their friends,inactive,96,actions:post_engagement,3440,0.208333333,20,,,3924,5.096839959
9/20/2011,4/25/2017,thefitfamchallenge.com - Website Conversions -  Commit to fit,inactive,1,actions:offsite_conversion.fb_pixel_purchase,1351,22.2,22.2,1,22.2,1525,14.55737705
9/20/2011,4/25/2017,thepuppyrun.com - Website Clicks - Image 2,inactive,92,actions:link_click,3140,0.248369565,22.85,3,7.616666667,3326,6.870114251
9/20/2011,4/25/2017,thepuppyrun.com - Website Clicks - Image 1,inactive,5,actions:link_click,250,0.406,2.03,1,2.03,259,7.837837838
9/20/2011,4/25/2017,Post: /gametiime/posts/669691879752535 to others,inactive,,,1006,,2.91,,,1009,2.884043608
9/20/2011,4/25/2017,Post: /gametiime/posts/669691879752535 to fans,inactive,16,actions:post_engagement,337,0.130625,2.09,,,344,6.075581395
9/20/2011,4/25/2017,Gametiime - Page Likes,inactive,23,actions:like,842,0.452608696,10.41,,,887,11.7361894
9/20/2011,4/25/2017,Gametiime - Page Likes,inactive,28,actions:like,592,0.321428571,9,,,609,14.77832512
9/20/2011,4/25/2017,Gametiime - Page Likes,inactive,30,actions:like,1186,0.508333333,15.25,,,1245,12.24899598
9/20/2011,4/25/2017,Gametiime - Page Likes,inactive,7,actions:like,294,0.481428571,3.37,,,319,10.56426332
9/20/2011,4/25/2017,Gametiime - Page Likes,inactive,1614,actions:like,31632,0.355198265,573.29,,,52978,10.82128431
9/20/2011,4/25/2017,Post: /gametiime/posts/625248570863533 to friends of fans,inactive,46,actions:post_engagement,9868,0.599565217,27.58,,,10605,2.600660066
9/20/2011,4/25/2017,Post: /gametiime/posts/625248570863533 to fans,inactive,344,actions:post_engagement,1276,0.065174419,22.42,,,2706,8.285291944
9/20/2011,4/25/2017,Post: /gametiime/posts/622229141165476 to fans,inactive,116,actions:post_engagement,950,0.072413793,8.4,,,989,8.493427705
9/20/2011,4/25/2017,Post: /gametiime/posts/622229141165476 to friends of fans,inactive,16,actions:post_engagement,3224,0.725,11.6,,,3243,3.576934937
9/20/2011,4/25/2017,Post: /gametiime/posts/584590441596013 to fans,inactive,,,485,,2.64,,,496,5.322580645
9/20/2011,4/25/2017,Post: /gametiime/posts/584590441596013,inactive,,,141,,0.51,,,141,3.617021277
9/20/2011,4/25/2017,Post: /gametiime/posts/584590441596013 to friends of fans,inactive,,,1243,,1.85,,,1246,1.484751204
9/20/2011,4/25/2017,Post: /gametiime/posts/568015083253549 to fans,inactive,,,16,,0.25,,,17,14.70588235
9/20/2011,4/25/2017,Post: /gametiime/posts/568015083253549,inactive,,,13,,0.08,,,13,6.153846154
9/20/2011,4/25/2017,Post: /gametiime/posts/568015083253549 to others,inactive,,,8806,,29.67,,,8901,3.333333333
9/20/2011,4/25/2017,Promoting /gametiime/posts/559153197473071 to others,inactive,,,3279,,11.29,,,3292,3.429526124
9/20/2011,4/25/2017,Promoting /gametiime/posts/559153197473071 to fans,inactive,,,495,,3.55,,,509,6.974459725
9/20/2011,4/25/2017,Sponsored stories for /gametiime/posts/559153197473071,inactive,,,24,,0.16,,,24,6.666666667
9/20/2011,4/25/2017,Sponsored stories for /gametiime/posts/558788920842832,inactive,,,195,,0.61,,,195,3.128205128
9/20/2011,4/25/2017,Promoting /gametiime/posts/558788920842832 to friends of fans,inactive,,,638,,2.6,,,640,4.0625
9/20/2011,4/25/2017,Promoting /gametiime/posts/558788920842832 to fans,inactive,,,338,,1.79,,,344,5.203488372
9/20/2011,4/25/2017,Promoting /gogametiime/posts/537961426258915 to friends of fans,inactive,,,1998,,8.08,,,2013,4.013909588
9/20/2011,4/25/2017,Promoting /gogametiime/posts/537961426258915 to fans,inactive,,,281,,1.69,,,283,5.971731449
9/20/2011,4/25/2017,Sponsored stories for /gogametiime/posts/537961426258915,inactive,,,71,,0.23,,,71,3.23943662
9/20/2011,4/25/2017,Promoting /gogametiime/posts/537866222935102 to friends of fans,inactive,,,11869,,26.11,,,12299,2.122936824
9/20/2011,4/25/2017,Promoting /gogametiime/posts/537866222935102 to fans,inactive,,,552,,3.89,,,567,6.860670194
9/20/2011,4/25/2017,Promoting /gogametiime/posts/519950914726633 to others,inactive,,,6553,,22.31,,,6695,3.332337565
9/20/2011,4/25/2017,Promoting /gogametiime/posts/519950914726633 to fans,inactive,,,59,,0.34,,,59,5.762711864
9/20/2011,4/25/2017,Sponsored stories for /gogametiime/posts/519950914726633,inactive,,,43,,0.17,,,43,3.953488372
9/20/2011,4/25/2017,Sponsored stories for /gogametiime/posts/498243453564046,inactive,,,31,,0.06,,,31,1.935483871
9/20/2011,4/25/2017,Promoting /gogametiime/posts/498243453564046 to others,inactive,,,6104,,19.84,,,6141,3.230744178
9/20/2011,4/25/2017,Promoting /gogametiime/posts/498243453564046 to fans,inactive,,,19,,0.1,,,19,5.263157895
9/20/2011,4/25/2017,Gametiime - Likes - Sponsored Stories,inactive,,,59896,,1134.78,,,337280,3.364504269
9/20/2011,4/25/2017,Whitehurst,inactive,,,0,,50,,,193889,0.257879508
9/20/2011,4/25/2017,Flag Football Tourney!,inactive,,,0,,44.53,,,151139,0.294629447
9/20/2011,4/25/2017,Full Swag - Black Friday,inactive,,,629,,12.5,2,6.25,645,19.37984496
9/20/2011,4/25/2017,Full Swag - Black Friday 2,inactive,4,actions:offsite_conversion.fb_pixel_purchase,1571,6.04,24.16,46,0.525217391,1623,14.88601356
9/20/2011,4/25/2017,Full Swag - Black Friday,inactive,10,actions:offsite_conversion.fb_pixel_purchase,6322,5.666,56.66,74,0.765675676,6529,8.678204932
9/20/2011,4/25/2017,Full Swag - Holiday Cheer,inactive,13,actions:offsite_conversion.fb_pixel_purchase,9676,8.771538462,114.03,53,2.151509434,10410,10.95389049
9/20/2011,4/25/2017,Medal - Toystore - Holiday Cheer,inactive,101,actions:offsite_conversion.fb_pixel_purchase,60032,5.796732673,585.47,161,3.636459627,77334,7.570667494
9/20/2011,4/25/2017,Full Swag - Black Friday 2,inactive,7,actions:offsite_conversion.fb_pixel_purchase,1519,3.364285714,23.55,39,0.603846154,1571,14.99045194
9/20/2011,4/25/2017,Full Swag - Black Friday,inactive,9,actions:offsite_conversion.fb_pixel_purchase,5734,6.256666667,56.31,48,1.173125,5904,9.537601626
9/20/2011,4/25/2017,Full Swag - Holiday Cheer,inactive,34,actions:offsite_conversion.fb_pixel_purchase,13404,3.378235294,114.86,64,1.7946875,14094,8.149567192
9/20/2011,4/25/2017,Medal - Toystore - Holiday Cheer,inactive,76,actions:offsite_conversion.fb_pixel_purchase,78528,8.0375,610.85,110,5.553181818,97633,6.25659357
9/20/2011,4/25/2017,Full Swag - Black Friday 2,inactive,10,actions:offsite_conversion.fb_pixel_purchase,2587,4.326,43.26,93,0.46516129,2707,15.98079054
9/20/2011,4/25/2017,Full Swag - Black Friday,inactive,17,actions:offsite_conversion.fb_pixel_purchase,12212,7.264117647,123.49,138,0.894855072,12642,9.768232875
9/20/2011,4/25/2017,Full Swag - Holiday Cheer,inactive,6,actions:offsite_conversion.fb_pixel_purchase,5528,11.23166667,67.39,17,3.964117647,6093,11.06023305
9/20/2011,4/25/2017,Medal - Toystore - Holiday Cheer,inactive,19,actions:offsite_conversion.fb_pixel_purchase,15032,6.626315789,125.9,35,3.597142857,16327,7.711153304
9/20/2011,4/25/2017,Full Swag - Black Friday 2,inactive,4,actions:offsite_conversion.fb_pixel_purchase,2558,12.175,48.7,79,0.616455696,2635,18.48197343
9/20/2011,4/25/2017,Full Swag - Black Friday,inactive,13,actions:offsite_conversion.fb_pixel_purchase,9012,8.36,108.68,92,1.181304348,9368,11.60119556
9/20/2011,4/25/2017,Full Swag - Holiday Cheer,inactive,32,actions:offsite_conversion.fb_pixel_purchase,21860,6.9840625,223.49,81,2.759135802,23821,9.382057848
9/20/2011,4/25/2017,Medal - Toystore - Holiday Cheer,inactive,51,actions:offsite_conversion.fb_pixel_purchase,51587,9.21254902,469.84,85,5.527529412,68249,6.884203432
9/20/2011,4/25/2017,Full Swag - Black Friday 2,inactive,8,actions:offsite_conversion.fb_pixel_purchase,2465,6.36875,50.95,98,0.519897959,2581,19.74041069
9/20/2011,4/25/2017,Full Swag - Black Friday,inactive,25,actions:offsite_conversion.fb_pixel_purchase,7934,4.3828,109.57,208,0.526778846,8669,12.63928942
9/20/2011,4/25/2017,Full Swag - Holiday Cheer,inactive,37,actions:offsite_conversion.fb_pixel_purchase,15000,4.576756757,169.34,120,1.411166667,18909,8.955523825
9/20/2011,4/25/2017,Medal - Toystore - Holiday Cheer,inactive,129,actions:offsite_conversion.fb_pixel_purchase,29080,3.627209302,467.91,200,2.33955,56440,8.290396882
9/20/2011,4/25/2017,Medal Swag - Holiday Cheer,inactive,6,actions:offsite_conversion.fb_pixel_purchase,2857,10.81333333,64.88,29,2.237241379,3201,20.26866604
9/20/2011,4/25/2017,Full Swag - Black Friday 2,inactive,,,773,,26.11,7,3.73,857,30.46674446
9/20/2011,4/25/2017,Full Swag - Black Friday 2,inactive,4,actions:offsite_conversion.fb_pixel_purchase,838,3.535,14.14,20,0.707,858,16.48018648
9/20/2011,4/25/2017,Full Swag - Black Friday 2,inactive,,,557,,14.97,5,2.994,561,26.68449198
9/20/2011,4/25/2017,Full Swag - Black Friday,inactive,13,actions:offsite_conversion.fb_pixel_purchase,4940,7.351538462,95.57,60,1.592833333,6350,15.0503937
9/20/2011,4/25/2017,Full Swag - Holiday Cheer,inactive,4,actions:offsite_conversion.fb_pixel_purchase,3216,17.0525,68.21,12,5.684166667,3992,17.08667335
9/20/2011,4/25/2017,Medal - Toystore - Holiday Cheer,inactive,21,actions:offsite_conversion.fb_pixel_purchase,7220,7.543333333,158.41,23,6.887391304,12151,13.0367871
9/20/2011,4/25/2017,Full Swag - Black Friday,inactive,3,actions:offsite_conversion.fb_pixel_purchase,2762,18.14666667,54.44,34,1.601176471,3276,16.61782662
9/20/2011,4/25/2017,Full Swag - Holiday Cheer,inactive,6,actions:offsite_conversion.fb_pixel_purchase,4421,19.03166667,114.19,9,12.68777778,7632,14.9620021
9/20/2011,4/25/2017,Medal - Toystore - Holiday Cheer,inactive,55,actions:offsite_conversion.fb_pixel_purchase,8070,7.021636364,386.19,81,4.767777778,32992,11.70556499
9/20/2011,4/25/2017,Full Swag - Black Friday,inactive,4,actions:offsite_conversion.fb_pixel_purchase,3061,17.4575,69.83,13,5.371538462,3481,20.06032749
9/20/2011,4/25/2017,Dream Package - Full Swag,inactive,72,actions:offsite_conversion.fb_pixel_purchase,10735,7.676944444,552.74,72,7.676944444,41949,13.1764762
9/20/2011,4/25/2017,Early-Bird Close - Full Swag,inactive,11,actions:offsite_conversion.fb_pixel_purchase,1736,2.156363636,23.72,11,2.156363636,1886,12.57688229
9/20/2011,4/25/2017,Full Swag - Black Friday,inactive,,,2162,,45.58,3,15.19333333,2201,20.70876874
9/20/2011,4/25/2017,Full Swag - Black Friday,inactive,,,2209,,34.83,6,5.805,2241,15.54216867
9/20/2011,4/25/2017,Full Swag - Black Friday,inactive,3,actions:offsite_conversion.fb_pixel_purchase,2330,15.69666667,47.09,22,2.140454545,2399,19.62901209
9/20/2011,4/25/2017,Full Swag - Black Friday,inactive,1,actions:offsite_conversion.fb_pixel_purchase,876,18.3,18.3,11,1.663636364,1185,15.44303797
9/20/2011,4/25/2017,Full Swag - Black Friday,inactive,,,809,,41.57,,,1571,26.46085296
9/20/2011,4/25/2017,Full Swag - Black Friday,inactive,2,actions:offsite_conversion.fb_pixel_purchase,2627,31.14,62.28,15,4.152,2682,23.22147651
9/20/2011,4/25/2017,Full Swag - Black Friday,inactive,,,3332,,77.21,5,15.442,3388,22.7892562
9/20/2011,4/25/2017,Full Swag - Black Friday,inactive,13,actions:offsite_conversion.fb_pixel_purchase,2483,5.663076923,73.62,66,1.115454545,2851,25.82251841
9/20/2011,4/25/2017,Full Swag - Black Friday,inactive,14,actions:offsite_conversion.fb_pixel_purchase,1739,5.242142857,73.39,76,0.965657895,2510,29.23904382
9/20/2011,4/25/2017,Full Swag - Black Friday,inactive,,,103,,2.29,,,103,22.23300971
9/20/2011,4/25/2017,Full Swag - Black Friday,inactive,3,actions:offsite_conversion.fb_pixel_purchase,3999,24.61333333,73.84,42,1.758095238,4357,16.9474409
9/20/2011,4/25/2017,Full Swag - Black Friday,inactive,2,actions:offsite_conversion.fb_pixel_purchase,399,23.555,47.11,17,2.771176471,965,48.81865285
9/20/2011,4/25/2017,Full Swag - Black Friday,inactive,10,actions:offsite_conversion.fb_pixel_purchase,6894,12.908,129.08,100,1.2908,7749,16.65763324
9/20/2011,4/25/2017,Full Swag - Black Friday,inactive,1,actions:offsite_conversion.fb_pixel_purchase,2684,40.71,40.71,18,2.261666667,2992,13.60628342
9/20/2011,4/25/2017,Full Swag - Black Friday,inactive,,,2323,,41.92,9,4.657777778,2385,17.57651992
9/20/2011,4/25/2017,Full Swag - Black Friday,inactive,,,1969,,46.53,3,15.51,2231,20.85611833
9/20/2011,4/25/2017,Full Swag - Black Friday,inactive,3,actions:offsite_conversion.fb_pixel_purchase,6740,21.07333333,63.22,29,2.18,7032,8.99032992
9/20/2011,4/25/2017,Full Swag - Black Friday,inactive,2,actions:offsite_conversion.fb_pixel_purchase,572,6.53,13.06,3,4.353333333,586,22.28668942
9/20/2011,4/25/2017,Full Swag - Black Friday,inactive,5,actions:offsite_conversion.fb_pixel_purchase,3895,11.918,59.59,34,1.752647059,4112,14.49173152
9/20/2011,4/25/2017,Full Swag - Black Friday,inactive,2,actions:offsite_conversion.fb_pixel_purchase,426,6.805,13.61,7,1.944285714,489,27.83231084
9/20/2011,4/25/2017,Full Swag - Black Friday,inactive,1,actions:offsite_conversion.fb_pixel_purchase,1041,12.68,12.68,3,4.226666667,1045,12.13397129
9/20/2011,4/25/2017,Full Swag - Black Friday,inactive,1,actions:offsite_conversion.fb_pixel_purchase,665,12.31,12.31,7,1.758571429,682,18.04985337
9/20/2011,4/25/2017,Full Swag - Black Friday,inactive,,,722,,12.64,1,12.64,733,17.24420191
9/20/2011,4/25/2017,Full Swag - Black Friday,inactive,,,394,,11.91,,,422,28.22274882
9/20/2011,4/25/2017,Full Swag - Black Friday,inactive,,,472,,13.41,,,542,24.74169742
9/20/2011,4/25/2017,Full Swag - Black Friday,inactive,1,actions:offsite_conversion.fb_pixel_purchase,271,15.24,15.24,12,1.27,340,44.82352941
9/20/2011,4/25/2017,Full Swag - Black Friday,inactive,1,actions:offsite_conversion.fb_pixel_purchase,513,13.52,13.52,4,3.38,535,25.27102804
9/20/2011,4/25/2017,Dream Package - Full Swag,inactive,,,292,,33.18,,,619,53.60258481
9/20/2011,4/25/2017,Early-Bird Close - Full Swag,inactive,2,actions:offsite_conversion.fb_pixel_purchase,294,11.465,22.93,2,11.465,1434,15.9902371
9/20/2011,4/25/2017,Dream Package - Full Swag,inactive,14,actions:offsite_conversion.fb_pixel_purchase,16568,14.99642857,209.95,14,14.99642857,17976,11.6794615
9/20/2011,4/25/2017,Dream Package - Full Swag,inactive,287,actions:offsite_conversion.fb_pixel_purchase,16687,5.272961672,1513.34,336,4.503988095,125506,12.05790958
9/20/2011,4/25/2017,Early-Bird Close - Full Swag,inactive,4,actions:offsite_conversion.fb_pixel_purchase,2546,6.13,24.52,4,6.13,2597,9.441663458
9/20/2011,4/25/2017,Medal - Bean Runner,inactive,1,actions:offsite_conversion.fb_pixel_purchase,2282,34.23,34.23,1,34.23,2418,14.15632754
9/20/2011,4/25/2017,Medal - Sunset,inactive,30,actions:offsite_conversion.fb_pixel_purchase,39208,13.24266667,397.28,30,13.24266667,47694,8.329768944
9/20/2011,4/25/2017,Dream Medal - Medal + Mug,inactive,29,actions:offsite_conversion.fb_pixel_purchase,14796,9.895517241,286.97,62,4.628548387,19739,14.53822382
9/20/2011,4/25/2017,Dream Medal - Medal + Mug,inactive,27,actions:offsite_conversion.fb_pixel_purchase,10884,6.928888889,187.08,98,1.908979592,15394,12.1527868
9/20/2011,4/25/2017,Dream Package - Full Swag,inactive,196,actions:offsite_conversion.fb_pixel_purchase,47143,6.204081633,1216,258,4.713178295,124986,9.729089658
9/20/2011,4/25/2017,Early-Bird Close - Full Swag,inactive,14,actions:offsite_conversion.fb_pixel_purchase,1473,2.585714286,36.2,14,2.585714286,2553,14.17939679
9/20/2011,4/25/2017,Early-Bird Close - Full Swag,inactive,6,actions:offsite_conversion.fb_pixel_purchase,3293,5.171666667,31.03,6,5.171666667,3425,9.059854015
9/20/2011,4/25/2017,Medal - Bean Runner,inactive,9,actions:offsite_conversion.fb_pixel_purchase,6844,6.605555556,59.45,9,6.605555556,8656,6.868068392
9/20/2011,4/25/2017,Medal - Sunset,inactive,33,actions:offsite_conversion.fb_pixel_purchase,19268,7.917575758,261.28,33,7.917575758,32798,7.966339411
9/20/2011,4/25/2017,Dream Package - Full Swag,inactive,,,471,,18.53,,,642,28.86292835
9/20/2011,4/25/2017,Early-Bird Close - Full Swag,inactive,1,actions:offsite_conversion.fb_pixel_purchase,962,90.98,90.98,1,90.98,3859,23.57605597
9/20/2011,4/25/2017,Medal - Bean Runner,inactive,,,207,,8.59,,,287,29.93031359
9/20/2011,4/25/2017,Medal - Sunset,inactive,3,actions:offsite_conversion.fb_pixel_purchase,967,38.75333333,116.26,3,38.75333333,5880,19.77210884
9/20/2011,4/25/2017,Dream Package - Full Swag,inactive,5,actions:offsite_conversion.fb_pixel_purchase,1195,23.048,115.24,5,23.048,4293,26.84369904
9/20/2011,4/25/2017,Early-Bird Close - Full Swag,inactive,,,1008,,23.59,,,1942,12.14727085
9/20/2011,4/25/2017,Early-Bird Close - Full Swag,inactive,8,actions:offsite_conversion.fb_pixel_purchase,715,4.15875,33.27,8,4.15875,1013,32.84304047
9/20/2011,4/25/2017,Medal - Bean Runner,inactive,11,actions:offsite_conversion.fb_pixel_purchase,1088,12.95272727,142.48,11,12.95272727,5791,24.60369539
9/20/2011,4/25/2017,Medal - Sunset,inactive,14,actions:offsite_conversion.fb_pixel_purchase,1059,9.039285714,126.55,14,9.039285714,4176,30.30411877
9/20/2011,4/25/2017,Dream Package - Full Swag,inactive,16,actions:offsite_conversion.fb_pixel_purchase,17992,14.454375,231.27,16,14.454375,19655,11.76647164
9/20/2011,4/25/2017,Dream Package - Full Swag,inactive,15,actions:offsite_conversion.fb_pixel_purchase,2586,17.45666667,261.85,15,17.45666667,16965,15.43471854
9/20/2011,4/25/2017,Early-Bird Close - Full Swag,inactive,11,actions:offsite_conversion.fb_pixel_purchase,1172,2.536363636,27.9,11,2.536363636,1567,17.8047224
9/20/2011,4/25/2017,Early-Bird Close - Full Swag,inactive,,,2007,,25.72,,,2061,12.47937894
9/20/2011,4/25/2017,Medal - Bean Runner,inactive,7,actions:offsite_conversion.fb_pixel_purchase,1850,10.43571429,73.05,7,10.43571429,4420,16.52714932
9/20/2011,4/25/2017,Medal - Bean Runner,inactive,10,actions:offsite_conversion.fb_pixel_purchase,19100,19.609,196.09,10,19.609,22428,8.743088996
9/20/2011,4/25/2017,Medal - Sunset,inactive,7,actions:offsite_conversion.fb_pixel_purchase,11384,31.45428571,220.18,7,31.45428571,12189,18.06382804
9/20/2011,4/25/2017,Medal - Sunset,inactive,41,actions:offsite_conversion.fb_pixel_purchase,2334,4.611463415,189.07,41,4.611463415,11699,16.16121036
9/20/2011,4/25/2017,Medal - Sunset,inactive,,,2,,0,,,2,0
9/20/2011,4/25/2017,Early-Bird Close - Full Swag,inactive,,,881,,14.62,,,884,16.53846154
9/20/2011,4/25/2017,Medal - Bean Runner,inactive,2,actions:offsite_conversion.fb_pixel_purchase,4136,30.045,60.09,2,30.045,4276,14.05285313
9/20/2011,4/25/2017,Medal - Sunset,inactive,8,actions:offsite_conversion.fb_pixel_purchase,17459,32.03625,256.29,8,32.03625,18477,13.87075824
9/20/2011,4/25/2017,Dream Package - Full Swag,inactive,,,901,,52.31,,,2075,25.20963855
9/20/2011,4/25/2017,Dream Package - Full Swag,inactive,3,actions:offsite_conversion.fb_pixel_purchase,8351,36.63,109.89,4,27.4725,9873,11.13035552
9/20/2011,4/25/2017,Dream Package - Full Swag,inactive,3,actions:offsite_conversion.fb_pixel_purchase,320,6.453333333,19.36,3,6.453333333,535,36.18691589
9/20/2011,4/25/2017,Dream Medal - Medal + Mug,inactive,12,actions:offsite_conversion.fb_pixel_purchase,15980,11.5675,138.81,25,5.5524,17224,8.059103576
9/20/2011,4/25/2017,Dream Package - Full Swag,inactive,485,actions:offsite_conversion.fb_pixel_purchase,275326,5.174020619,2509.4,522,4.807279693,540155,4.645703548
9/20/2011,4/25/2017,Dream Package - Full Swag,inactive,53,actions:offsite_conversion.fb_pixel_purchase,8347,8.459245283,448.34,55,8.151636364,39106,11.46473687
9/20/2011,4/25/2017,Dream Medal - Medal + Mug,inactive,8,actions:offsite_conversion.fb_pixel_purchase,15600,16.2525,130.02,23,5.653043478,16704,7.783764368
9/20/2011,4/25/2017,Dream Package - Full Swag,inactive,52,actions:offsite_conversion.fb_pixel_purchase,58461,9.759230769,507.48,61,8.319344262,68968,7.358195105
9/20/2011,4/25/2017,Full Swag - Holiday Cheer,inactive,2,actions:offsite_conversion.fb_pixel_purchase,1805,21.32,42.64,3,14.21333333,2054,20.75949367
9/20/2011,4/25/2017,Full Swag - Holiday Cheer,inactive,,,670,,30.64,,,1168,26.23287671
9/20/2011,4/25/2017,Full Swag - Holiday Cheer,inactive,3,actions:offsite_conversion.fb_pixel_purchase,3643,22.38666667,67.16,8,8.395,4195,16.00953516
9/20/2011,4/25/2017,Full Swag - Holiday Cheer,inactive,3,actions:offsite_conversion.fb_pixel_purchase,3286,22.38,67.14,6,11.19,3953,16.98456868
9/20/2011,4/25/2017,Full Swag - Holiday Cheer,inactive,5,actions:offsite_conversion.fb_pixel_purchase,4142,13.518,67.59,7,9.655714286,4613,14.65207024
9/20/2011,4/25/2017,Full Swag - Holiday Cheer,inactive,,,868,,59.71,1,59.71,2525,23.64752475
9/20/2011,4/25/2017,Full Swag - Holiday Cheer,inactive,5,actions:offsite_conversion.fb_pixel_purchase,1518,13.234,66.17,24,2.757083333,3112,21.26285347
9/20/2011,4/25/2017,Full Swag - Holiday Cheer,inactive,5,actions:offsite_conversion.fb_pixel_purchase,2995,13.858,69.29,22,3.149545455,4322,16.03192966
9/20/2011,4/25/2017,Full Swag - Holiday Cheer,inactive,,,414,,59.04,,,1457,40.52161977
9/20/2011,4/25/2017,Full Swag - Holiday Cheer,inactive,21,actions:offsite_conversion.fb_pixel_purchase,21524,8.606190476,180.73,52,3.475576923,25711,7.029287076
9/20/2011,4/25/2017,Medal - Toystore - Holiday Cheer,inactive,,,988,,61.78,,,2637,23.42813804
9/20/2011,4/25/2017,Medal - Toystore - Holiday Cheer,inactive,15,actions:offsite_conversion.fb_pixel_purchase,7898,9.863333333,147.95,17,8.702941176,14824,9.980437129
9/20/2011,4/25/2017,Medal - Toystore - Holiday Cheer,inactive,28,actions:offsite_conversion.fb_pixel_purchase,20944,9.279285714,259.82,36,7.217222222,28924,8.982851611
9/20/2011,4/25/2017,Medal - Toystore - Holiday Cheer,inactive,3,actions:offsite_conversion.fb_pixel_purchase,4514,18.30666667,54.92,3,18.30666667,5497,9.99090413
9/20/2011,4/25/2017,Medal - Toystore - Holiday Cheer,inactive,24,actions:offsite_conversion.fb_pixel_purchase,2485,5.195,124.68,34,3.667058824,10254,12.1591574
9/20/2011,4/25/2017,Medal - Toystore - Holiday Cheer,inactive,15,actions:offsite_conversion.fb_pixel_purchase,5654,10.82666667,162.4,29,5.6,13090,12.40641711
9/20/2011,4/25/2017,Medal - Toystore - Holiday Cheer,inactive,1,actions:offsite_conversion.fb_pixel_purchase,889,43.42,43.42,4,10.855,2396,18.12186978
9/20/2011,4/25/2017,Medal - Toystore - Holiday Cheer,inactive,27,actions:offsite_conversion.fb_pixel_purchase,436,3.671851852,99.14,31,3.198064516,2721,36.43513414
9/20/2011,4/25/2017,Medal - Toystore - Holiday Cheer,inactive,19,actions:offsite_conversion.fb_pixel_purchase,12995,11.30157895,214.73,37,5.803513514,28383,7.565444104
9/20/2011,4/25/2017,Medal - Toystore - Holiday Cheer,inactive,37,actions:offsite_conversion.fb_pixel_purchase,35688,8.17972973,302.65,45,6.725555556,51126,5.919688612
9/20/2011,4/25/2017,Swag - Last Chance - Image 2,inactive,,,259,,10.71,,,269,39.81412639
9/20/2011,4/25/2017,Swag - Last Chance 2,inactive,,,118,,1.39,,,118,11.77966102
9/20/2011,4/25/2017,Medal - Last Chance - Image 2,inactive,,,816,,14.34,,,832,17.23557692
9/20/2011,4/25/2017,Medal - Last Chance,inactive,,,352,,3.83,,,352,10.88068182
9/20/2011,4/25/2017,Swag - Last Chance - Image 2,inactive,,,455,,6.28,,,470,13.36170213
9/20/2011,4/25/2017,Swag - Last Chance,inactive,,,1093,,16.99,,,1128,15.06205674
9/20/2011,4/25/2017,Medal + Charity #2,inactive,6,actions:offsite_conversion.fb_pixel_purchase,7107,18.665,111.99,6,18.665,7787,14.38166174
9/20/2011,4/25/2017,Medal + Charity #1,inactive,2,actions:offsite_conversion.fb_pixel_purchase,4260,42.335,84.67,2,42.335,4923,17.19886248
9/20/2011,4/25/2017,Medal - Park,inactive,2,actions:offsite_conversion.fb_pixel_purchase,884,35.225,70.45,2,35.225,2535,27.79092702
9/20/2011,4/25/2017,Medal - Emoji Girls,inactive,,,298,,11.3,,,365,30.95890411
9/20/2011,4/25/2017,Medal - Space,inactive,8,actions:offsite_conversion.fb_pixel_purchase,4430,9.37375,74.99,8,9.37375,5171,14.50203056
9/20/2011,4/25/2017,Medal - Space,inactive,10,actions:offsite_conversion.fb_pixel_purchase,2329,7.453,74.53,10,7.453,3695,20.17050068
9/20/2011,4/25/2017,Medal + Charity,inactive,,,313,,7.63,,,328,23.26219512
9/20/2011,4/25/2017,Medal + Emojis,inactive,9,actions:offsite_conversion.fb_pixel_purchase,2826,10.59444444,95.35,9,10.59444444,5909,16.1364021
9/20/2011,4/25/2017,Medal + Park,inactive,1,actions:offsite_conversion.fb_pixel_purchase,1497,38.13,38.13,1,38.13,2133,17.87623066
9/20/2011,4/25/2017,Medal - Emoji Girls,inactive,9,actions:offsite_conversion.fb_pixel_purchase,1794,12.95777778,116.62,9,12.95777778,5044,23.12053925
9/20/2011,4/25/2017,Medal - Park,inactive,16,actions:offsite_conversion.fb_pixel_purchase,2409,19.000625,304.01,16,19.000625,14043,21.64850815
9/20/2011,4/25/2017,Medal - Park,inactive,80,actions:offsite_conversion.fb_pixel_purchase,66272,9.701,776.08,80,9.701,98841,7.85180239
9/20/2011,4/25/2017,Medal - Emoji Girls,inactive,5,actions:offsite_conversion.fb_pixel_purchase,4011,10.062,50.31,5,10.062,5296,9.499622356
9/20/2011,4/25/2017,Medal - Space,inactive,3,actions:offsite_conversion.fb_pixel_purchase,5181,22.51333333,67.54,3,22.51333333,5577,12.11045365
9/20/2011,4/25/2017,Medal - Park,inactive,72,actions:offsite_conversion.fb_pixel_purchase,80016,9.696111111,698.12,72,9.696111111,120226,5.806730657
9/20/2011,4/25/2017,Medal - Emoji Girls,inactive,22,actions:offsite_conversion.fb_pixel_purchase,19931,8.285909091,182.29,22,8.285909091,26695,6.828619592
9/20/2011,4/25/2017,Challenge Dash - Website Conversions - Image 1,inactive,13,actions:offsite_conversion.fb_pixel_purchase,10523,9.734615385,126.55,13,9.734615385,15456,8.187758799
9/20/2011,4/25/2017,Emoji Run - Charity + Swag #2,inactive,19,actions:offsite_conversion.fb_pixel_purchase,7540,8.676315789,164.85,19,8.676315789,14914,11.05337267
9/20/2011,4/25/2017,Emoji Run - Charity + Swag #1,inactive,41,actions:offsite_conversion.fb_pixel_purchase,16164,6.648780488,272.6,46,5.926086957,33295,8.187415528
9/20/2011,4/25/2017,TPR 2016 - 10% Off [2],inactive,1,actions:offsite_conversion.fb_pixel_purchase,4688,47.27,47.27,21,2.250952381,4767,9.916089784
9/20/2011,4/25/2017,TPR 2016 - 10% Off  [1],inactive,13,actions:offsite_conversion.fb_pixel_purchase,6641,5.754615385,74.81,318,0.235251572,8475,8.827138643
9/20/2011,4/25/2017,The Puppy Run April 2016 - Weekend Only,inactive,,,2327,,30,54,0.555555556,2879,10.42028482
9/20/2011,4/25/2017,Vintage 3 - Logo,inactive,,,1533,,23.7,4,5.925,1594,14.86825596
9/20/2011,4/25/2017,Vintage 2 - Logo,inactive,7,actions:offsite_conversion.fb_pixel_purchase,6310,10.94285714,76.6,7,10.94285714,6742,11.36161376
9/20/2011,4/25/2017,Vintage 1 - Logo,inactive,5,actions:offsite_conversion.fb_pixel_purchase,5348,15.296,76.48,5,15.296,5982,12.78502173
9/20/2011,4/25/2017,Americana Run - Conversions #2,inactive,12,actions:offsite_conversion.fb_pixel_purchase,5886,8.333333333,100,12,8.333333333,7303,13.69300288
9/20/2011,4/25/2017,Challenge Dash - Website Conversions - Image 2,inactive,7,actions:offsite_conversion.fb_pixel_purchase,3499,8.081428571,56.57,9,6.285555556,5060,11.1798419
9/20/2011,4/25/2017,Challenge Dash - Website Conversions - Image 3,inactive,45,actions:offsite_conversion.fb_pixel_purchase,21452,9.228222222,415.27,50,8.3054,41179,10.08450909
9/20/2011,4/25/2017,Default name - Website Conversions,inactive,5,actions:offsite_conversion.fb_pixel_purchase,1603,3.84,19.2,6,3.2,1946,9.8663926
9/20/2011,4/25/2017,Default name - Website Clicks,inactive,8,actions:link_click,1122,2.3225,18.58,,,1167,15.92116538
9/20/2011,4/25/2017,Challenge Dash - Website Conversions - Image 4,inactive,,,111,,1.54,,,133,11.57894737
9/20/2011,4/25/2017,Challenge Dash - Website Conversions - Image 1,inactive,2,actions:offsite_conversion.fb_pixel_purchase,2816,13.31,26.62,2,13.31,3647,7.299149986
9/20/2011,4/25/2017,Lincoln - Logo,inactive,,,451,,4.93,,,460,10.7173913
9/20/2011,4/25/2017,Liberty - Logo,inactive,3,actions:offsite_conversion.fb_pixel_purchase,1249,5.273333333,15.82,3,5.273333333,1296,12.20679012
9/20/2011,4/25/2017,Rushmore - Logo,inactive,,,235,,2.47,,,237,10.42194093
9/20/2011,4/25/2017,TPR 2016 - 10% Off  [3],inactive,3,actions:offsite_conversion.fb_pixel_purchase,753,3.23,9.69,8,1.21125,875,11.07428571
9/20/2011,4/25/2017,TPR 2016 - 10% Off [4],inactive,2,actions:offsite_conversion.fb_pixel_purchase,1474,7.72,15.44,13,1.187692308,1598,9.662077597
9/20/2011,4/25/2017,The Puppy Run April 2016 - V4,inactive,15,actions:offsite_conversion.custom.1066514856764951,577,0.265333333,3.98,16,0.24875,871,4.56946039
9/20/2011,4/25/2017,The Puppy Run - V3,inactive,129,actions:offsite_conversion.custom.1066514856764951,5204,0.457829457,59.06,130,0.454307692,7166,8.241696902
9/20/2011,4/25/2017,The Puppy Run April 2016 - Mountain V2,inactive,4,actions:offsite_conversion.custom.1066514856764951,406,0.7775,3.11,4,0.7775,480,6.479166667
9/20/2011,4/25/2017,The Puppy Run April 2016 - Mountain,inactive,94,actions:offsite_conversion.custom.1066514856764951,3325,0.322765957,30.34,94,0.322765957,6557,4.627116059
9/20/2011,4/25/2017,The Puppy Run April 2016 - 1-week,inactive,102,actions:offsite_conversion.custom.1066514856764951,3764,0.359607843,36.68,102,0.359607843,6896,5.319025522
9/20/2011,4/25/2017,The Puppy Run April 2016,inactive,58,actions:offsite_conversion.custom.1066514856764951,3629,0.632241379,36.67,60,0.611166667,4257,8.614047451
9/20/2011,4/25/2017,TPR 2016 - Special,rejected,,,482,,1.3,12,0.108333333,524,2.480916031
9/20/2011,4/25/2017,pi5k.com - Website Conversions,inactive,1,actions:offsite_conversion.registration,2625,35.91,35.91,1,35.91,2977,12.06247901
9/20/2011,4/25/2017,thefitfamchallenge.com - Website Conversions - Have Fun with Friends and Family,inactive,,,1877,,29.06,,,2214,13.12556459
9/20/2011,4/25/2017,564989670222757 - Post Engagement - Sponsored Stories,rejected,,,475,,4.42,,,1040,4.25
9/20/2011,4/25/2017,Post: /gametiime/posts/564989670222757,rejected,,,254,,0.84,,,254,3.307086614
9/20/2011,4/25/2017,Post: /gametiime/posts/564989670222757 to friends of fans,rejected,,,1294,,4.22,,,1298,3.251155624
9/20/2011,4/25/2017,564989670222757 - Post Engagement - Ad,rejected,,,3941,,40.58,,,4688,8.656143345
9/20/2011,4/25/2017,Post: /gametiime/posts/564989670222757 to fans,rejected,,,654,,4.94,,,686,7.201166181
9/20/2011,4/25/2017,Post: /gametiime/posts/564308376957553,rejected,,,265,,1.07,,,265,4.037735849
9/20/2011,4/25/2017,Post: /gametiime/posts/564308376957553 to friends of fans,rejected,,,3822,,9.27,,,3830,2.420365535
9/20/2011,4/25/2017,Post: /gametiime/posts/564308376957553 to fans,rejected,,,653,,4.66,,,687,6.783114993
9/20/2011,4/25/2017,Post: /gametiime/posts/10102796581056048 to fans,rejected,,,6,,0.02,,,6,3.333333333
9/20/2011,4/25/2017,Post: /gametiime/posts/10102796581056048 to others,rejected,,,6593,,14.98,,,6593,2.27210678
9/20/2011,4/25/2017,Post: /doggydashers/posts/1482133448775937 to your ad's audience,rejected,,,25,,0.13,,,25,5.2
9/20/2011,4/25/2017,Post: /thepuppyrun/posts/1637446083140631 to your ad's audience,rejected,6,actions:post_engagement,380,0.323333333,1.94,,,380,5.105263158
9/20/2011,4/25/2017,Post: /thepuppyrun/posts/1636490546569518 to your ad's audience,rejected,5,actions:post_engagement,439,0.346,1.73,,,440,3.931818182
9/20/2011,4/25/2017,Post: /gametiime/posts/562959653759092 to friends of fans,rejected,,,794,,3.32,,,796,4.170854271
9/20/2011,4/25/2017,Post: /gametiime/posts/562959653759092 to fans,rejected,,,281,,1.63,,,285,5.719298246
9/20/2011,4/25/2017,Post: /gametiime/posts/562959653759092,rejected,,,20,,0.05,,,20,2.5
9/20/2011,4/25/2017,Gametiime - Likes - Ad,inactive,,,29480,,95.11,,,68376,1.390985141
9/20/2011,4/25/2017,Gametiime,inactive,,,57410,,143.94,,,259692,0.554271984
9/20/2011,4/25/2017,http://gametiime.com - Men Summer,inactive,,,1081,,0.48,,,2460,0.195121951
9/20/2011,4/25/2017,http://gametiime.com - Women Summer,inactive,,,14380,,16.73,,,79686,0.20994905
